{"cameraMode":{"drawMode":0,"name":"Shaded","section":"Shading Mode"},"sceneLighting":false,"audioPlay":false,"sceneViewState":{"showFog":true,"showMaterialUpdate":false,"showSkybox":false,"showFlares":true,"showImageEffects":true,"showParticleSystems":true},"in2DMode":false,"pivot":{"x":0.035999998450279239,"y":0.21369999647140504,"z":0.32710000872612},"rotation":{"x":-0.1638590544462204,"y":-0.160263791680336,"z":0.02688882127404213,"w":-0.9730939865112305},"size":0.18668265640735627,"orthographic":false}