{"cameraMode":{"drawMode":0,"name":"Shaded","section":"Shading Mode"},"sceneLighting":false,"audioPlay":false,"sceneViewState":{"showFog":true,"showMaterialUpdate":false,"showSkybox":true,"showFlares":true,"showImageEffects":true,"showParticleSystems":true},"in2DMode":false,"pivot":{"x":416.47052001953127,"y":0.10284233093261719,"z":235.61370849609376},"rotation":{"x":-0.0698566734790802,"y":-0.9208614826202393,"z":0.3312319219112396,"w":-0.19391277432441712},"size":3.7110166549682619,"orthographic":false}