{"cameraMode":{"drawMode":0,"name":"Shaded","section":"Shading Mode"},"sceneLighting":false,"audioPlay":false,"sceneViewState":{"showFog":true,"showMaterialUpdate":false,"showSkybox":false,"showFlares":true,"showImageEffects":true,"showParticleSystems":true},"in2DMode":false,"pivot":{"x":416.5920104980469,"y":0.22699999809265138,"z":236.4340057373047},"rotation":{"x":-0.02191980741918087,"y":0.6468918919563294,"z":-0.01869201473891735,"w":-0.7621445655822754},"size":0.31816112995147707,"orthographic":false}